Workbook

Sheet conversion factor
C2: From article: Diving into the Depths: Uncovering Microplastics in Norwegian Coastal Sediment Cores
C3: Average Wet Density [g/cm^3] | D3: Water content [%] | E3: porosity | F3: Dry bulk density [g/cm^3]
C4: 1.5896923 | D4: 59.81164 | E4: 0.5981164 | F4: 0.99157593
B6: Dry Matter [%] | C6: Dry bulk density | D6: Average Wet Density [kg/Litre] | E6: Factor
B7: =1-D4/100 -> 0.4018836 | C7: =F4 -> 0.99157593 | D7: 1.5896923 | E7: =B7*D7 -> 0.63887127
F16: =F4/D7 -> 0.62375336

Sheet Sheet1
A1: Study | B1: Location | C1: Sample type | D1: Water depth at location | E1: Sampling Depth | F1: Total Value | G1: unit | H1: Plastic type | I1: Transformed depth | J1: unit depth | K1: Mp count [0-100μm[ | L1: Mp count [100μm-500μm[ | M1: Mp count [500μm-5mm[ | N1: Transformed data (MP particles pr. Litre) | O1: Comment | P1: Column1
A2: Trapping of Microplastics in Halocline and Turbidity Layers of the Semi-enclosed Baltic Sea | B2: TFO5 | C2: W | D2: =E4 -> 12 | E2: 0 | F2: 7.62 | G2: items L-1 | I2: 0 | J2: m | K2: =0.18*N2 -> 1.3716 | L2: =0.4*N2 -> 3.048 | M2: =0.42*N2 -> 3.2004 | N2: 7.62 | O2: =SUM(K2:M2) -> 7.62
A3: Trapping of Microplastics in Halocline and Turbidity Layers of the Semi-enclosed Baltic Sea | B3: TFO5 | C3: W | D3: 12 | E3: 6 | F3: 7.01 | G3: items L-1 | I3: 6 | J3: m | K3: =0.18*N3 -> 1.2618 | L3: =0.4*N3 -> 2.804 | M3: =0.42*N3 -> 2.9442 | N3: 7.01 | O3: =SUM(K3:M3) -> 7.01
A4: Trapping of Microplastics in Halocline and Turbidity Layers of the Semi-enclosed Baltic Sea | B4: TFO5 | C4: B | D4: 12 | E4: 12 | F4: 8.8 | G4: items L-1 | I4: 12 | J4: m | K4: =0.18*N4 -> 1.584 | L4: =0.4*N4 -> 3.52 | M4: =0.42*N4 -> 3.696 | N4: 8.8 | O4: =SUM(K4:M4) -> 8.8
A5: Trapping of Microplastics in Halocline and Turbidity Layers of the Semi-enclosed Baltic Sea | B5: TFO5 | C5: S | D5: 12 | E5: 2 - 7cm | F5: 0.5 | G5: items L-1 | I5: =4.5/100 -> 0.045 | J5: m | K5: =0.35*N5 -> 0.175 | L5: =0.4*N5 -> 0.2 | M5: =0.25*N5 -> 0.125 | N5: 0.5 | O5: =SUM(K5:M5) -> 0.5
A6: Trapping of Microplastics in Halocline and Turbidity Layers of the Semi-enclosed Baltic Sea | B6: TF0012 | C6: W | D6: 24 | E6: 0 | F6: 7.16 | G6: items L-1 | I6: 0 | J6: m | K6: 1.3716 | L6: 3.048 | M6: =3.2004-0.46 -> 2.7404 | N6: 7.16 | O6: =SUM(K6:M6) -> 7.16
A7: Trapping of Microplastics in Halocline and Turbidity Layers of the Semi-enclosed Baltic Sea | B7: TF0012 | C7: W | D7: 24 | E7: 10 | F7: 3.01 | G7: items L-1 | I7: 10 | J7: m | K7: =K6/$N6*$N7 -> 0.57660838 | L7: =L6/$N6*$N7 -> 1.281352 | M7: =M6/$N6*$N7 -> 1.1520397 | N7: 3.01 | O7: =SUM(K7:M7) -> 3.01
A8: Trapping of Microplastics in Halocline and Turbidity Layers of the Semi-enclosed Baltic Sea | B8: TF0012 | C8: B | D8: 24 | E8: 24 | F8: 3.9 | G8: items L-1 | I8: 24 | J8: m | K8: =K7/$N7*$N8 -> 0.74710056 | L8: =L7/$N7*$N8 -> 1.6602235 | M8: =M7/$N7*$N8 -> 1.492676 | N8: 3.9 | O8: =SUM(K8:M8) -> 3.9
A9: Trapping of Microplastics in Halocline and Turbidity Layers of the Semi-enclosed Baltic Sea | B9: TF0012 | C9: S | D9: 24 | E9: 2 - 7cm | F9: 1.5 | G9: items L-1 | I9: =4.5/100 -> 0.045 | J9: m | K9: =0.35*N9 -> 0.525 | L9: =0.4*N9 -> 0.6 | M9: =0.25*N9 -> 0.375 | N9: 1.5 | O9: =SUM(K9:M9) -> 1.5
A10: Trapping of Microplastics in Halocline and Turbidity Layers of the Semi-enclosed Baltic Sea | B10: TF0360 | C10: W | D10: 17 | E10: 0 | F10: 4.83 | G10: items L-1 | I10: 0 | J10: m | K10: =0.18*N10 -> 0.8694 | L10: =0.4*N10 -> 1.932 | M10: =0.42*N10 -> 2.0286 | N10: 4.83 | O10: =SUM(K10:M10) -> 4.83
A11: Trapping of Microplastics in Halocline and Turbidity Layers of the Semi-enclosed Baltic Sea | B11: TF0360 | C11: W | D11: 17 | E11: 10 | F11: 3.01 | G11: items L-1 | I11: 10 | J11: m | K11: =0.18*N11 -> 0.5418 | L11: =0.4*N11 -> 1.204 | M11: =0.42*N11 -> 1.2642 | N11: 3.01 | O11: =SUM(K11:M11) -> 3.01
A12: Trapping of Microplastics in Halocline and Turbidity Layers of the Semi-enclosed Baltic Sea | B12: TF0360 | C12: B | D12: 17 | E12: 17 | F12: 6.71 | G12: items L-1 | I12: 17 | J12: m | K12: =0.18*N12 -> 1.2078 | L12: =0.4*N12 -> 2.684 | M12: =0.42*N12 -> 2.8182 | N12: 6.71 | O12: =SUM(K12:M12) -> 6.71
A13: Trapping of Microplastics in Halocline and Turbidity Layers of the Semi-enclosed Baltic Sea | B13: TF0360 | C13: S | D13: 17 | E13: 2 - 7cm | F13: 0.4 | G13: items L-1 | I13: =4.5/100 -> 0.045 | J13: m | K13: =0.35*N13 -> 0.14 | L13: =0.4*N13 -> 0.16 | M13: =0.25*N13 -> 0.1 | N13: 0.4 | O13: =SUM(K13:M13) -> 0.4
A14: Trapping of Microplastics in Halocline and Turbidity Layers of the Semi-enclosed Baltic Sea | B14: TF0010 | C14: W | D14: 27 | E14: 0 | F14: 11.85 | G14: items L-1 | I14: 0 | J14: m | K14: =0.18*N14 -> 2.133 | L14: =0.4*N14 -> 4.74 | M14: =0.42*N14 -> 4.977 | N14: 11.85 | O14: =SUM(K14:M14) -> 11.85
A15: Trapping of Microplastics in Halocline and Turbidity Layers of the Semi-enclosed Baltic Sea | B15: TF0010 | C15: W | D15: 27 | E15: 20 | F15: 6.23 | G15: items L-1 | I15: 20 | J15: m | K15: =0.18*N15 -> 0 | L15: =0.4*N15 -> 0 | M15: =0.42*N15 -> 0 | O15: =SUM(K15:M15) -> 0
A16: Trapping of Microplastics in Halocline and Turbidity Layers of the Semi-enclosed Baltic Sea | B16: TF0010 | C16: B | D16: 27 | E16: 27 | F16: 5.22 | G16: items L-1 | I16: 27 | J16: m | K16: =0.18*N16 -> 0.9396 | L16: =0.4*N16 -> 2.088 | M16: =0.42*N16 -> 2.1924 | N16: 5.22 | O16: =SUM(K16:M16) -> 5.22
A17: Trapping of Microplastics in Halocline and Turbidity Layers of the Semi-enclosed Baltic Sea | B17: TF0010 | C17: S | D17: 27 | E17: 2 - 7cm | F17: 0.5 | G17: items L-1 | I17: =4.5/100 -> 0.045 | J17: m | K17: =0.35*N17 -> 0.175 | L17: =0.4*N17 -> 0.2 | M17: =0.25*N17 -> 0.125 | N17: 0.5 | O17: =SUM(K17:M17) -> 0.5
A18: Trapping of Microplastics in Halocline and Turbidity Layers of the Semi-enclosed Baltic Sea | B18: TF0113 | C18: W | D18: 46 | E18: 0 | F18: 6.43 | G18: items L-1 | I18: 0 | J18: m | K18: =0.18*N18 -> 1.1574 | L18: =0.4*N18 -> 2.572 | M18: =0.42*N18 -> 2.7006 | N18: 6.43 | O18: =SUM(K18:M18) -> 6.43
A19: Trapping of Microplastics in Halocline and Turbidity Layers of the Semi-enclosed Baltic Sea | B19: TF0113 | C19: W | D19: 46 | E19: 20 | F19: 9.96 | G19: items L-1 | I19: 20 | J19: m | O19: =SUM(K19:M19) -> 0
A20: Trapping of Microplastics in Halocline and Turbidity Layers of the Semi-enclosed Baltic Sea | B20: TF0113 | C20: B | D20: 46 | E20: 46 | F20: 10.72 | G20: items L-1 | I20: 46 | J20: m | K20: =0.18*N20 -> 1.9296 | L20: =0.4*N20 -> 4.288 | M20: =0.42*N20 -> 4.5024 | N20: 10.72 | O20: =SUM(K20:M20) -> 10.72
A21: Trapping of Microplastics in Halocline and Turbidity Layers of the Semi-enclosed Baltic Sea | B21: TF0113 | C21: S | D21: 46 | E21: 2 - 7cm | F21: 0.7 | G21: items L-1 | I21: =4.5/100 -> 0.045 | J21: m | K21: =0.35*N21 -> 0.245 | L21: =0.4*N21 -> 0.28 | M21: =0.25*N21 -> 0.175 | N21: 0.7 | O21: =SUM(K21:M21) -> 0.7
A22: Trapping of Microplastics in Halocline and Turbidity Layers of the Semi-enclosed Baltic Sea | B22: TF0213 | C22: W | D22: 88 | E22: 0 | F22: 14.77 | G22: items L-1 | I22: 0 | J22: m | K22: =0.18*N22 -> 2.6586 | L22: =0.4*N22 -> 5.908 | M22: =0.42*N22 -> 6.2034 | N22: 14.77 | O22: =SUM(K22:M22) -> 14.77
A23: Trapping of Microplastics in Halocline and Turbidity Layers of the Semi-enclosed Baltic Sea | B23: TF0213 | C23: W | D23: 88 | E23: 20 | F23: 5.84 | G23: items L-1 | I23: 20 | J23: m | K23: =0.18*N23 -> 1.0512 | L23: =0.4*N23 -> 2.336 | M23: =0.42*N23 -> 2.4528 | N23: 5.84 | O23: =SUM(K23:M23) -> 5.84
A24: Trapping of Microplastics in Halocline and Turbidity Layers of the Semi-enclosed Baltic Sea | B24: TF0213 | C24: W | D24: 88 | E24: 50 | F24: 7.48 | G24: items L-1 | I24: 50 | J24: m | K24: =0.18*N24 -> 1.3464 | L24: =0.4*N24 -> 2.992 | M24: =0.42*N24 -> 3.1416 | N24: 7.48 | O24: =SUM(K24:M24) -> 7.48
A25: Trapping of Microplastics in Halocline and Turbidity Layers of the Semi-enclosed Baltic Sea | B25: TF0213 | C25: B | D25: 88 | E25: 88 | F25: 2.91 | G25: items L-1 | I25: 88 | J25: m | K25: =0.18*N25 -> 0.5238 | L25: =0.4*N25 -> 1.164 | M25: =0.42*N25 -> 1.2222 | N25: 2.91 | O25: =SUM(K25:M25) -> 2.91
A26: Trapping of Microplastics in Halocline and Turbidity Layers of the Semi-enclosed Baltic Sea | B26: TF0213 | C26: S | D26: 88 | E26: 2 - 7cm | F26: 0.5 | G26: items L-1 | I26: =4.5/100 -> 0.045 | J26: m | K26: =0.35*N26 -> 0.175 | L26: =0.4*N26 -> 0.2 | M26: =0.25*N26 -> 0.125 | N26: 0.5 | O26: =SUM(K26:M26) -> 0.5
A27: Trapping of Microplastics in Halocline and Turbidity Layers of the Semi-enclosed Baltic Sea | B27: TF0256 | C27: W | D27: 75 | E27: 0 | F27: 3.8 | G27: items L-1 | I27: 0 | J27: m | K27: =0.18*N27 -> 0.684 | L27: =0.4*N27 -> 1.52 | M27: =0.42*N27 -> 1.596 | N27: 3.8 | O27: =SUM(K27:M27) -> 3.8
A28: Trapping of Microplastics in Halocline and Turbidity Layers of the Semi-enclosed Baltic Sea | B28: TF0256 | C28: W | D28: 75 | E28: 20 | F28: 5.3 | G28: items L-1 | I28: 20 | J28: m | K28: =0.18*N28 -> 0.954 | L28: =0.4*N28 -> 2.12 | M28: =0.42*N28 -> 2.226 | N28: 5.3 | O28: =SUM(K28:M28) -> 5.3
A29: Trapping of Microplastics in Halocline and Turbidity Layers of the Semi-enclosed Baltic Sea | B29: TF0256 | C29: W | D29: 75 | E29: 50 | F29: 1.93 | G29: items L-1 | I29: 50 | J29: m | K29: =0.18*N29 -> 0.3474 | L29: =0.4*N29 -> 0.772 | M29: =0.42*N29 -> 0.8106 | N29: 1.93 | O29: =SUM(K29:M29) -> 1.93
A30: Trapping of Microplastics in Halocline and Turbidity Layers of the Semi-enclosed Baltic Sea | B30: TF0256 | C30: B | D30: 75 | E30: 75 | F30: 3.42 | G30: items L-1 | I30: 75 | J30: m | K30: =0.18*N30 -> 0.6156 | L30: =0.4*N30 -> 1.368 | M30: =0.42*N30 -> 1.4364 | N30: 3.42 | O30: =SUM(K30:M30) -> 3.42
A31: Trapping of Microplastics in Halocline and Turbidity Layers of the Semi-enclosed Baltic Sea | B31: TF0256 | C31: S | D31: 75 | E31: 2 - 7cm | F31: 0.9 | G31: items L-1 | I31: =4.5/100 -> 0.045 | J31: m | K31: =0.35*N31 -> 0.315 | L31: =0.4*N31 -> 0.36 | M31: =0.25*N31 -> 0.225 | N31: 0.9 | O31: =SUM(K31:M31) -> 0.9
A32: Trapping of Microplastics in Halocline and Turbidity Layers of the Semi-enclosed Baltic Sea | B32: TF0271 | C32: W | D32: 234 | E32: 0 | F32: 1.02 | G32: items L-1 | I32: 0 | J32: m | K32: =0.18*N32 -> 0.1836 | L32: =0.4*N32 -> 0.408 | M32: =0.42*N32 -> 0.4284 | N32: 1.02 | O32: =SUM(K32:M32) -> 1.02
A33: Trapping of Microplastics in Halocline and Turbidity Layers of the Semi-enclosed Baltic Sea | B33: TF0271 | C33: W | D33: 234 | E33: 20 | F33: 2.9 | G33: items L-1 | I33: 20 | J33: m | K33: =0.18*N33 -> 0.522 | L33: =0.4*N33 -> 1.16 | M33: =0.42*N33 -> 1.218 | N33: 2.9 | O33: =SUM(K33:M33) -> 2.9
A34: Trapping of Microplastics in Halocline and Turbidity Layers of the Semi-enclosed Baltic Sea | B34: TF0271 | C34: W | D34: 234 | E34: 50 | F34: 4.59 | G34: items L-1 | I34: 50 | J34: m | K34: =0.18*N34 -> 0.8262 | L34: =0.4*N34 -> 1.836 | M34: =0.42*N34 -> 1.9278 | N34: 4.59 | O34: =SUM(K34:M34) -> 4.59
A35: Trapping of Microplastics in Halocline and Turbidity Layers of the Semi-enclosed Baltic Sea | B35: TF0271 | C35: W | D35: 234 | E35: 100 | F35: 4.23 | G35: items L-1 | I35: 100 | J35: m | K35: =0.18*N35 -> 0.7614 | L35: =0.4*N35 -> 1.692 | M35: =0.42*N35 -> 1.7766 | N35: 4.23 | O35: =SUM(K35:M35) -> 4.23
A36: Trapping of Microplastics in Halocline and Turbidity Layers of the Semi-enclosed Baltic Sea | B36: TF0271 | C36: W | D36: 234 | E36: 200 | F36: 3 | G36: items L-1 | I36: 200 | J36: m | K36: =0.18*N36 -> 0.54 | L36: =0.4*N36 -> 1.2 | M36: =0.42*N36 -> 1.26 | N36: 3 | O36: =SUM(K36:M36) -> 3
A37: Trapping of Microplastics in Halocline and Turbidity Layers of the Semi-enclosed Baltic Sea | B37: TF0271 | C37: B | D37: 234 | E37: 234 | F37: 5.6 | G37: items L-1 | I37: 234 | J37: m | K37: =0.18*N37 -> 1.008 | L37: =0.4*N37 -> 2.24 | M37: =0.42*N37 -> 2.352 | N37: 5.6 | O37: =SUM(K37:M37) -> 5.6
A38: Trapping of Microplastics in Halocline and Turbidity Layers of the Semi-enclosed Baltic Sea | B38: TF0271 | C38: S | D38: 234 | E38: 2 - 7cm | G38: items L-1 | I38: =4.5/100 -> 0.045 | J38: m | O38: =SUM(K38:M38) -> 0
A39: Trapping of Microplastics in Halocline and Turbidity Layers of the Semi-enclosed Baltic Sea | B39: TF0286 | C39: W | D39: 190 | E39: 0 | F39: 21.6 | G39: items L-1 | I39: 0 | J39: m | K39: =0.18*N39 -> 3.888 | L39: =0.4*N39 -> 8.64 | M39: =0.42*N39 -> 9.072 | N39: 21.6 | O39: =SUM(K39:M39) -> 21.6
A40: Trapping of Microplastics in Halocline and Turbidity Layers of the Semi-enclosed Baltic Sea | B40: TF0286 | C40: W | D40: 190 | E40: 20 | F40: 2.64 | G40: items L-1 | I40: 20 | J40: m | K40: =0.18*N40 -> 0.4752 | L40: =0.4*N40 -> 1.056 | M40: =0.42*N40 -> 1.1088 | N40: 2.64 | O40: =SUM(K40:M40) -> 2.64
A41: Trapping of Microplastics in Halocline and Turbidity Layers of the Semi-enclosed Baltic Sea | B41: TF0286 | C41: W | D41: 190 | E41: 50 | F41: 13.36 | G41: items L-1 | I41: 50 | J41: m | K41: =0.18*N41 -> 2.4048 | L41: =0.4*N41 -> 5.344 | M41: =0.42*N41 -> 5.6112 | N41: 13.36 | O41: =SUM(K41:M41) -> 13.36
A42: Trapping of Microplastics in Halocline and Turbidity Layers of the Semi-enclosed Baltic Sea | B42: TF0286 | C42: W | D42: 190 | E42: 100 | F42: 27.68 | G42: items L-1 | I42: 100 | J42: m | K42: =0.18*N42 -> 4.9824 | L42: =0.4*N42 -> 11.072 | M42: =0.42*N42 -> 11.6256 | N42: 27.68 | O42: =SUM(K42:M42) -> 27.68
A43: Trapping of Microplastics in Halocline and Turbidity Layers of the Semi-enclosed Baltic Sea | B43: TF0286 | C43: B | D43: 190 | E43: 190 | F43: 12.86 | G43: items L-1 | I43: 190 | J43: m | K43: =0.18*N43 -> 2.3148 | L43: =0.4*N43 -> 5.144 | M43: =0.42*N43 -> 5.4012 | N43: 12.86 | O43: =SUM(K43:M43) -> 12.86
A44: Trapping of Microplastics in Halocline and Turbidity Layers of the Semi-enclosed Baltic Sea | B44: TF0286 | C44: S | D44: 190 | E44: 2 - 7cm | F44: 0.9 | G44: items L-1 | I44: =4.5/100 -> 0.045 | J44: m | K44: =0.35*N44 -> 0.315 | L44: =0.4*N44 -> 0.36 | M44: =0.25*N44 -> 0.225 | N44: 0.9 | O44: =SUM(K44:M44) -> 0.9
A45: Trapping of Microplastics in Halocline and Turbidity Layers of the Semi-enclosed Baltic Sea | B45: TF0284 | C45: W | D45: 437 | E45: 0 | F45: 5.04 | G45: items L-1 | I45: 0 | J45: m | K45: =0.18*N45 -> 0.9072 | L45: =0.4*N45 -> 2.016 | M45: =0.42*N45 -> 2.1168 | N45: 5.04 | O45: =SUM(K45:M45) -> 5.04
A46: Trapping of Microplastics in Halocline and Turbidity Layers of the Semi-enclosed Baltic Sea | B46: TF0284 | C46: W | D46: 437 | E46: 20 | F46: 8.82 | G46: items L-1 | I46: 20 | J46: m | K46: =0.18*N46 -> 1.5876 | L46: =0.4*N46 -> 3.528 | M46: =0.42*N46 -> 3.7044 | N46: 8.82 | O46: =SUM(K46:M46) -> 8.82
A47: Trapping of Microplastics in Halocline and Turbidity Layers of the Semi-enclosed Baltic Sea | B47: TF0284 | C47: W | D47: 437 | E47: 50 | F47: 3 | G47: items L-1 | I47: 50 | J47: m | K47: =0.18*N47 -> 0.54 | L47: =0.4*N47 -> 1.2 | M47: =0.42*N47 -> 1.26 | N47: 3 | O47: =SUM(K47:M47) -> 3
A48: Trapping of Microplastics in Halocline and Turbidity Layers of the Semi-enclosed Baltic Sea | B48: TF0284 | C48: W | D48: 437 | E48: 100 | F48: 8.84 | G48: items L-1 | I48: 100 | J48: m | K48: =0.18*N48 -> 1.5912 | L48: =0.4*N48 -> 3.536 | M48: =0.42*N48 -> 3.7128 | N48: 8.84 | O48: =SUM(K48:M48) -> 8.84
A49: Trapping of Microplastics in Halocline and Turbidity Layers of the Semi-enclosed Baltic Sea | B49: TF0284 | C49: W | D49: 437 | E49: 200 | F49: 1.34 | G49: items L-1 | I49: 200 | J49: m | K49: =0.18*N49 -> 0.2412 | L49: =0.4*N49 -> 0.536 | M49: =0.42*N49 -> 0.5628 | N49: 1.34 | O49: =SUM(K49:M49) -> 1.34
A50: Trapping of Microplastics in Halocline and Turbidity Layers of the Semi-enclosed Baltic Sea | B50: TF0284 | C50: W | D50: 437 | E50: 300 | F50: 6.42 | G50: items L-1 | I50: 300 | J50: m | K50: =0.18*N50 -> 1.1556 | L50: =0.4*N50 -> 2.568 | M50: =0.42*N50 -> 2.6964 | N50: 6.42 | O50: =SUM(K50:M50) -> 6.42
A51: Trapping of Microplastics in Halocline and Turbidity Layers of the Semi-enclosed Baltic Sea | B51: TF0284 | C51: B | D51: 437 | E51: 437 | F51: 3.1 | G51: items L-1 | I51: 437 | J51: m | K51: =0.18*N51 -> 0.558 | L51: =0.4*N51 -> 1.24 | M51: =0.42*N51 -> 1.302 | N51: 3.1 | O51: =SUM(K51:M51) -> 3.1
A52: Trapping of Microplastics in Halocline and Turbidity Layers of the Semi-enclosed Baltic Sea | B52: TF0284 | C52: S | D52: 437 | E52: 2 - 7cm | F52: 0.5 | G52: items L-1 | I52: =4.5/100 -> 0.045 | J52: m | K52: =0.35*N52 -> 0.175 | L52: =0.4*N52 -> 0.2 | M52: =0.25*N52 -> 0.125 | N52: 0.5 | O52: =SUM(K52:M52) -> 0.5
A53: Trapping of Microplastics in Halocline and Turbidity Layers of the Semi-enclosed Baltic Sea | B53: TF0240 | C53: W | D53: 164 | E53: 0 | F53: 1.25 | G53: items L-1 | I53: 0 | J53: m | K53: =0.18*N53 -> 0.225 | L53: =0.4*N53 -> 0.5 | M53: =0.42*N53 -> 0.525 | N53: 1.25 | O53: =SUM(K53:M53) -> 1.25
A54: Trapping of Microplastics in Halocline and Turbidity Layers of the Semi-enclosed Baltic Sea | B54: TF0240 | C54: W | D54: 164 | E54: 20 | F54: 2.5 | G54: items L-1 | I54: 20 | J54: m | K54: =0.18*N54 -> 0.45 | L54: =0.4*N54 -> 1 | M54: =0.42*N54 -> 1.05 | N54: 2.5 | O54: =SUM(K54:M54) -> 2.5
A55: Trapping of Microplastics in Halocline and Turbidity Layers of the Semi-enclosed Baltic Sea | B55: TF0240 | C55: W | D55: 164 | E55: 50 | F55: 1.48 | G55: items L-1 | I55: 50 | J55: m | K55: =0.18*N55 -> 0.2664 | L55: =0.4*N55 -> 0.592 | M55: =0.42*N55 -> 0.6216 | N55: 1.48 | O55: =SUM(K55:M55) -> 1.48
A56: Trapping of Microplastics in Halocline and Turbidity Layers of the Semi-enclosed Baltic Sea | B56: TF0240 | C56: W | D56: 164 | E56: 100 | F56: 9.07 | G56: items L-1 | I56: 100 | J56: m | K56: =0.18*N56 -> 1.6326 | L56: =0.4*N56 -> 3.628 | M56: =0.42*N56 -> 3.8094 | N56: 9.07 | O56: =SUM(K56:M56) -> 9.07
A57: Trapping of Microplastics in Halocline and Turbidity Layers of the Semi-enclosed Baltic Sea | B57: TF0240 | C57: B | D57: 164 | E57: 164 | F57: 2.75 | G57: items L-1 | I57: 164 | J57: m | K57: =0.18*N57 -> 0.495 | L57: =0.4*N57 -> 1.1 | M57: =0.42*N57 -> 1.155 | N57: 2.75 | O57: =SUM(K57:M57) -> 2.75
A58: Trapping of Microplastics in Halocline and Turbidity Layers of the Semi-enclosed Baltic Sea | B58: TF0240 | C58: S | D58: 164 | E58: 2 - 7cm | F58: 0.2 | G58: items L-1 | I58: =4.5/100 -> 0.045 | J58: m | K58: =0.35*N58 -> 0.07 | L58: =0.4*N58 -> 0.08 | M58: =0.25*N58 -> 0.05 | N58: 0.2 | O58: =SUM(K58:M58) -> 0.2
A59: Trapping of Microplastics in Halocline and Turbidity Layers of the Semi-enclosed Baltic Sea | B59: TF0242 | C59: W | D59: 135 | E59: 0 | F59: 3.18 | G59: items L-1 | I59: 0 | J59: m | K59: =0.18*N59 -> 0.5724 | L59: =0.4*N59 -> 1.272 | M59: =0.42*N59 -> 1.3356 | N59: 3.18 | O59: =SUM(K59:M59) -> 3.18
A60: Trapping of Microplastics in Halocline and Turbidity Layers of the Semi-enclosed Baltic Sea | B60: TF0242 | C60: W | D60: 135 | E60: 20 | F60: 0.85 | G60: items L-1 | I60: 20 | J60: m | K60: =0.18*N60 -> 0.153 | L60: =0.4*N60 -> 0.34 | M60: =0.42*N60 -> 0.357 | N60: 0.85 | O60: =SUM(K60:M60) -> 0.85
A61: Trapping of Microplastics in Halocline and Turbidity Layers of the Semi-enclosed Baltic Sea | B61: TF0242 | C61: W | D61: 135 | E61: 85 | F61: 3.16 | G61: items L-1 | I61: 85 | J61: m | K61: =0.18*N61 -> 0.5688 | L61: =0.4*N61 -> 1.264 | M61: =0.42*N61 -> 1.3272 | N61: 3.16 | O61: =SUM(K61:M61) -> 3.16
A62: Trapping of Microplastics in Halocline and Turbidity Layers of the Semi-enclosed Baltic Sea | B62: TF0242 | C62: B | D62: 135 | E62: 135 | F62: 1.48 | G62: items L-1 | I62: 135 | J62: m | K62: =0.18*N62 -> 0.2664 | L62: =0.4*N62 -> 0.592 | M62: =0.42*N62 -> 0.6216 | N62: 1.48 | O62: =SUM(K62:M62) -> 1.48
A63: Trapping of Microplastics in Halocline and Turbidity Layers of the Semi-enclosed Baltic Sea | B63: TF0242 | C63: S | D63: 135 | E63: 2 - 7cm | F63: 0.4 | G63: items L-1 | I63: =4.5/100 -> 0.045 | J63: m | K63: =0.35*N63 -> 0.14 | L63: =0.4*N63 -> 0.16 | M63: =0.25*N63 -> 0.1 | N63: 0.4 | O63: =SUM(K63:M63) -> 0.4
A64: Trapping of Microplastics in Halocline and Turbidity Layers of the Semi-enclosed Baltic Sea | B64: North_F3 | C64: W | D64: 80 | E64: 0 | F64: 0.4 | G64: items L-1 | I64: 0 | J64: m | K64: =0.18*N64 -> 0.072 | L64: =0.4*N64 -> 0.16 | M64: =0.42*N64 -> 0.168 | N64: 0.4 | O64: =SUM(K64:M64) -> 0.4
A65: Trapping of Microplastics in Halocline and Turbidity Layers of the Semi-enclosed Baltic Sea | B65: North_F3 | C65: M | D65: 80 | E65: 50 | F65: 2.6 | G65: items L-1 | I65: 50 | J65: m | K65: =0.18*N65 -> 0.468 | L65: =0.4*N65 -> 1.04 | M65: =0.42*N65 -> 1.092 | N65: 2.6 | O65: =SUM(K65:M65) -> 2.6
A66: Trapping of Microplastics in Halocline and Turbidity Layers of the Semi-enclosed Baltic Sea | B66: North_F3 | C66: B | D66: 80 | E66: 80 | F66: 5 | G66: items L-1 | I66: 80 | J66: m | K66: =0.18*N66 -> 0.9 | L66: =0.4*N66 -> 2 | M66: =0.42*N66 -> 2.1 | N66: 5 | O66: =SUM(K66:M66) -> 5
A67: Trapping of Microplastics in Halocline and Turbidity Layers of the Semi-enclosed Baltic Sea | B67: North_F3 | C67: S | D67: 80 | E67: 2 - 7cm | G67: items L-1 | I67: =4.5/100 -> 0.045 | J67: m | O67: =SUM(K67:M67) -> 0
A68: Trapping of Microplastics in Halocline and Turbidity Layers of the Semi-enclosed Baltic Sea | B68: North_MS4 | C68: W | D68: 93 | E68: 0 | F68: 1.6 | G68: items L-1 | I68: 0 | J68: m | K68: =0.18*N68 -> 0.288 | L68: =0.4*N68 -> 0.64 | M68: =0.42*N68 -> 0.672 | N68: 1.6 | O68: =SUM(K68:M68) -> 1.6
A69: Trapping of Microplastics in Halocline and Turbidity Layers of the Semi-enclosed Baltic Sea | B69: North_MS4 | C69: W | D69: 93 | E69: 40 | F69: 2.2 | G69: items L-1 | I69: 40 | J69: m | K69: =0.18*N69 -> 0.396 | L69: =0.4*N69 -> 0.88 | M69: =0.42*N69 -> 0.924 | N69: 2.2 | O69: =SUM(K69:M69) -> 2.2
A70: Trapping of Microplastics in Halocline and Turbidity Layers of the Semi-enclosed Baltic Sea | B70: North_MS4 | C70: B | D70: 93 | E70: 93 | F70: 1.4 | G70: items L-1 | I70: 93 | J70: m | K70: =0.18*N70 -> 0.252 | L70: =0.4*N70 -> 0.56 | M70: =0.42*N70 -> 0.588 | N70: 1.4 | O70: =SUM(K70:M70) -> 1.4
A71: Trapping of Microplastics in Halocline and Turbidity Layers of the Semi-enclosed Baltic Sea | B71: North_MS4 | C71: S | D71: 93 | E71: 2 - 7cm | G71: items L-1 | I71: =4.5/100 -> 0.045 | J71: m | O71: =SUM(K71:M71) -> 0
A72: MICROPLASTIC-LIKE PARTICLES IN SEABED SEDIMENTS FROM INNER DANISH WATERS 2015 | B72: ARH148001 | C72: S | D72: 27 | E72: 0-2cm | F72: 295.8490566037736 | G72: MP particles/litre wet sediment (top 2cm) | I72: =1/100 -> 0.01 | J72: m | K72: =0.35*N72 -> 103.54717 | L72: =0.55*N72 -> 162.71698 | M72: =N72*0.1 -> 29.584906 | N72: 295.84906 | O72: =SUM(K72:M72) -> 295.84906
A73: MICROPLASTIC-LIKE PARTICLES IN SEABED SEDIMENTS FROM INNER DANISH WATERS 2016 | B73: STOVSJ51013 | C73: S | D73: nan | E73: 0-2cm | F73: 1304.1509433962265 | G73: MP particles/litre wet sediment (top 2cm) | I73: =1/100 -> 0.01 | J73: m | K73: =0.55*N73 -> 717.28302 | L73: =0.45*N73 -> 586.86792 | N73: 1304.1509 | O73: =SUM(K73:M73) -> 1304.1509
A74: MICROPLASTIC-LIKE PARTICLES IN SEABED SEDIMENTS FROM INNER DANISH WATERS 2017 | B74: STO0401015 | C74: S | D74: 11 | E74: 0-2cm | F74: 271.6981132075472 | G74: MP particles/litre wet sediment (top 2cm) | I74: =1/100 -> 0.01 | J74: m | K74: =0.58*N74 -> 157.58491 | L74: =N74*0.32 -> 86.943396 | M74: =0.1*N74 -> 27.169811 | N74: 271.69811 | O74: =SUM(K74:M74) -> 271.69811
A75: MICROPLASTIC-LIKE PARTICLES IN SEABED SEDIMENTS FROM INNER DANISH WATERS 2018 | B75: STO0104015 | C75: S | D75: 5 | E75: 0-2cm | F75: 676.2264150943397 | G75: MP particles/litre wet sediment (top 2cm) | I75: =1/100 -> 0.01 | J75: m | K75: =0.5*N75 -> 338.11321 | L75: =0.4*N75 -> 270.49057 | M75: =0.1*N75 -> 67.622642 | N75: 676.22642 | O75: =SUM(K75:M75) -> 676.22642
A76: MICROPLASTIC-LIKE PARTICLES IN SEABED SEDIMENTS FROM INNER DANISH WATERS 2019 | B76: STO0104016 | C76: S | D76: 6 | E76: 0-2cm | F76: 253.5849056603774 | G76: MP particles/litre wet sediment (top 2cm) | I76: =1/100 -> 0.01 | J76: m | K76: =0.55*N76 -> 139.4717 | L76: =0.45*N76 -> 114.11321 | N76: 253.58491 | O76: =SUM(K76:M76) -> 253.58491
A77: MICROPLASTIC-LIKE PARTICLES IN SEABED SEDIMENTS FROM INNER DANISH WATERS 2020 | B77: RKB-RFMS1 | C77: S | D77: 2 | E77: 0-2cm | F77: 615.8490566037736 | G77: MP particles/litre wet sediment (top 2cm) | I77: =1/100 -> 0.01 | J77: m | K77: =0.7*N77 -> 431.09434 | L77: =0.3*N77 -> 184.75472 | N77: 615.84906 | O77: =SUM(K77:M77) -> 615.84906
A78: MICROPLASTIC-LIKE PARTICLES IN SEABED SEDIMENTS FROM INNER DANISH WATERS 2021 | B78: VEJ0004669 | C78: S | D78: 11 | E78: 0-2cm | F78: 736.6037735849058 | G78: MP particles/litre wet sediment (top 2cm) | I78: =1/100 -> 0.01 | J78: m | K78: =0.3*N78 -> 220.98113 | L78: =0.7*N78 -> 515.62264 | N78: 736.60377 | O78: =SUM(K78:M78) -> 736.60377
A79: MICROPLASTIC-LIKE PARTICLES IN SEABED SEDIMENTS FROM INNER DANISH WATERS 2022 | B79: ARH180002 | C79: S | D79: 16 | E79: 0-2cm | F79: 368.3018867924529 | G79: MP particles/litre wet sediment (top 2cm) | I79: =1/100 -> 0.01 | J79: m | K79: =0.75*N79 -> 276.22642 | L79: =0.25*N79 -> 92.075472 | N79: 368.30189 | O79: =SUM(K79:M79) -> 368.30189
A80: MICROPLASTIC-LIKE PARTICLES IN SEABED SEDIMENTS FROM INNER DANISH WATERS 2023 | B80: NSJ230015 | C80: S | D80: 12.7 | E80: 0-2cm | F80: 386.41509433962267 | G80: MP particles/litre wet sediment (top 2cm) | I80: =1/100 -> 0.01 | J80: m | K80: =0.38*N80 -> 146.83774 | L80: =0.62*N80 -> 239.57736 | N80: 386.41509 | O80: =SUM(K80:M80) -> 386.41509
A81: MICROPLASTIC-LIKE PARTICLES IN SEABED SEDIMENTS FROM INNER DANISH WATERS 2024 | B81: NSJ230016 | C81: S | D81: 23.5 | E81: 0-2cm | F81: 1340.3773584905662 | G81: MP particles/litre wet sediment (top 2cm) | I81: =1/100 -> 0.01 | J81: m | K81: =0.4*N81 -> 536.15094 | L81: =0.5*N81 -> 670.18868 | M81: =0.1*N81 -> 134.03774 | N81: 1340.3774 | O81: =SUM(K81:M81) -> 1340.3774
A82: MICROPLASTIC-LIKE PARTICLES IN SEABED SEDIMENTS FROM INNER DANISH WATERS 2025 | B82: SYLBME5001 | C82: S | D82: 24 | E82: 0-2cm | F82: 633.9622641509435 | G82: MP particles/litre wet sediment (top 2cm) | I82: =1/100 -> 0.01 | J82: m | K82: =0.7*N82 -> 443.77358 | L82: =0.3*N82 -> 190.18868 | N82: 633.96226 | O82: =SUM(K82:M82) -> 633.96226
A83: MICROPLASTIC-LIKE PARTICLES IN SEABED SEDIMENTS FROM INNER DANISH WATERS 2026 | B83: FYNFAABORGFJ | C83: S | D83: 6 | E83: 0-2cm | F83: 1014.34 | G83: MP particles/litre wet sediment (top 2cm) | I83: =1/100 -> 0.01 | J83: m | K83: =0.5*N83 -> 507.17 | L83: =0.3*N83 -> 304.302 | M83: =0.2*N83 -> 202.868 | N83: 1014.34 | O83: =SUM(K83:M83) -> 1014.34
A84: Diving into the Depths: Uncovering Microplastics in Norwegian Coastal Sediment Cores | B84: Staion 1 | C84: S | D84: 320 | E84: 0-3cm | F84: 1076.2712 | G84: MP particles/Kg dry sediment | I84: =1.5/100 -> 0.015 | J84: m | K84: =1*N84 -> 687.59874 | N84: =F84*'conversion factor'!$E$7 -> 687.59874 | O84: =SUM(K84:M84) -> 687.59874
A85: Diving into the Depths: Uncovering Microplastics in Norwegian Coastal Sediment Cores | B85: Staion 1 | C85: S | D85: 320 | E85: 3-4cm | F85: 1101.9779 | G85: MP particles/Kg dry sediment | I85: 0.035 | J85: m | K85: =0.85*N85 -> 598.41872 | L85: =0.15*N85 -> 105.6033 | N85: =F85*'conversion factor'!$E$7 -> 704.02203 | O85: =SUM(K85:M85) -> 704.02203 | P85: =I85/100 -> 0.00035
A86: Diving into the Depths: Uncovering Microplastics in Norwegian Coastal Sediment Cores | B86: Staion 1 | C86: S | D86: 320 | E86: 4-5cm | F86: 1009.7087 | G86: MP particles/Kg dry sediment | I86: 0.045 | J86: m | K86: =1*N86 -> 645.0739 | L86: =0.15*N86 -> 96.761086 | N86: =F86*'conversion factor'!$E$7 -> 645.0739 | O86: =SUM(K86:M86) -> 741.83499 | P86: =I86/100 -> 0.00045
A87: Diving into the Depths: Uncovering Microplastics in Norwegian Coastal Sediment Cores | B87: Staion 1 | C87: S | D87: 320 | E87: 5-6cm | F87: 928.3461 | G87: MP particles/Kg dry sediment | I87: 0.055 | J87: m | K87: =1*N87 -> 593.09365 | L87: =0.15*N87 -> 88.964048 | N87: =F87*'conversion factor'!$E$7 -> 593.09365 | O87: =SUM(K87:M87) -> 682.0577 | P87: =I87/100 -> 0.00055
A88: Diving into the Depths: Uncovering Microplastics in Norwegian Coastal Sediment Cores | B88: Staion 1 | C88: S | D88: 320 | E88: 6-7cm | F88: 510.13589 | G88: MP particles/Kg dry sediment | I88: 0.065 | J88: m | K88: =1*N88 -> 325.91116 | L88: =0.15*N88 -> 48.886674 | N88: =F88*'conversion factor'!$E$7 -> 325.91116 | O88: =SUM(K88:M88) -> 374.79784 | P88: =I88/100 -> 0.00065
A89: Diving into the Depths: Uncovering Microplastics in Norwegian Coastal Sediment Cores | B89: Staion 1 | C89: S | D89: 320 | E89: 7-8cm | F89: 570.37341 | G89: MP particles/Kg dry sediment | I89: 0.075 | J89: m | K89: =0.95*N89 -> 346.17543 | L89: =0.05*N89 -> 18.219759 | N89: =F89*'conversion factor'!$E$7 -> 364.39519 | O89: =SUM(K89:M89) -> 364.39519 | P89: =I89/100 -> 0.00075
A90: Diving into the Depths: Uncovering Microplastics in Norwegian Coastal Sediment Cores | B90: Staion 1 | C90: S | D90: 320 | E90: 8-9cm | F90: 418.32142 | G90: MP particles/Kg dry sediment | I90: 0.085 | J90: m | K90: =1*N90 -> 267.25354 | N90: =F90*'conversion factor'!$E$7 -> 267.25354 | O90: =SUM(K90:M90) -> 267.25354 | P90: =I90/100 -> 0.00085
A91: Diving into the Depths: Uncovering Microplastics in Norwegian Coastal Sediment Cores | B91: Staion 1 | C91: S | D91: 320 | E91: 9-10cm | F91: 546.58737 | G91: MP particles/Kg dry sediment | I91: 0.095 | J91: m | K91: =1*N91 -> 349.19897 | N91: =F91*'conversion factor'!$E$7 -> 349.19897 | O91: =SUM(K91:M91) -> 349.19897 | P91: =I91/100 -> 0.00095
A92: Diving into the Depths: Uncovering Microplastics in Norwegian Coastal Sediment Cores | B92: Staion 1 | C92: S | D92: 320 | E92: 10-11cm | F92: 522.75379 | G92: MP particles/Kg dry sediment | I92: 0.105 | J92: m | K92: =1*N92 -> 333.97238 | N92: =F92*'conversion factor'!$E$7 -> 333.97238 | O92: =SUM(K92:M92) -> 333.97238 | P92: =I92/100 -> 0.00105
A93: Diving into the Depths: Uncovering Microplastics in Norwegian Coastal Sediment Cores | B93: Station 24 | C93: S | D93: 312 | E93: 0-3cm | F93: 1343.0376 | G93: MP particles/Kg dry sediment | I93: 0.015 | J93: m | K93: =1*N93 -> 858.02816 | N93: =F93*'conversion factor'!$E$7 -> 858.02816 | O93: =SUM(K93:M93) -> 858.02816 | P93: =I93/100 -> 0.00015
A94: Diving into the Depths: Uncovering Microplastics in Norwegian Coastal Sediment Cores | B94: Station 24 | C94: S | D94: 312 | E94: 3-4cm | F94: 2036.5682 | G94: MP particles/Kg dry sediment | I94: 0.035 | J94: m | K94: =1*N94 -> 1301.1049 | N94: =F94*'conversion factor'!$E$7 -> 1301.1049 | O94: =SUM(K94:M94) -> 1301.1049 | P94: =I94/100 -> 0.00035
A95: Diving into the Depths: Uncovering Microplastics in Norwegian Coastal Sediment Cores | B95: Station 24 | C95: S | D95: 312 | E95: 4-5cm | F95: 5270.2703 | G95: MP particles/Kg dry sediment | I95: 0.045 | J95: m | K95: =1*N95 -> 3367.0243 | N95: =F95*'conversion factor'!$E$7 -> 3367.0243 | O95: =SUM(K95:M95) -> 3367.0243 | P95: =I95/100 -> 0.00045
A96: Diving into the Depths: Uncovering Microplastics in Norwegian Coastal Sediment Cores | B96: Station 24 | C96: S | D96: 312 | E96: 5-6cm | F96: 309.3954 | G96: MP particles/Kg dry sediment | I96: 0.055 | J96: m | K96: =1*N96 -> 197.66383 | N96: =F96*'conversion factor'!$E$7 -> 197.66383 | O96: =SUM(K96:M96) -> 197.66383 | P96: =I96/100 -> 0.00055
A97: Diving into the Depths: Uncovering Microplastics in Norwegian Coastal Sediment Cores | B97: Station 24 | C97: S | D97: 312 | E97: 6-7cm | F97: 476.05713 | G97: MP particles/Kg dry sediment | I97: 0.065 | J97: m | K97: =1*N97 -> 304.13922 | N97: =F97*'conversion factor'!$E$7 -> 304.13922 | O97: =SUM(K97:M97) -> 304.13922 | P97: =I97/100 -> 0.00065
A98: Diving into the Depths: Uncovering Microplastics in Norwegian Coastal Sediment Cores | B98: Station 24 | C98: S | D98: 312 | E98: 7-8cm | F98: 882.35294 | G98: MP particles/Kg dry sediment | I98: 0.075 | J98: m | K98: =1*N98 -> 563.70994 | N98: =F98*'conversion factor'!$E$7 -> 563.70994 | O98: =SUM(K98:M98) -> 563.70994 | P98: =I98/100 -> 0.00075
A99: Diving into the Depths: Uncovering Microplastics in Norwegian Coastal Sediment Cores | B99: Station 24 | C99: S | D99: 312 | E99: 8-9cm | F99: 294.77821 | G99: MP particles/Kg dry sediment | I99: 0.085 | J99: m | K99: =1*N99 -> 188.32533 | N99: =F99*'conversion factor'!$E$7 -> 188.32533 | O99: =SUM(K99:M99) -> 188.32533 | P99: =I99/100 -> 0.00085
A100: Diving into the Depths: Uncovering Microplastics in Norwegian Coastal Sediment Cores | B100: Station 24 | C100: S | D100: 312 | E100: 9-10cm | F100: 1912.895 | G100: MP particles/Kg dry sediment | I100: 0.095 | J100: m | K100: =1*N100 -> 1222.0936 | N100: =F100*'conversion factor'!$E$7 -> 1222.0936 | O100: =SUM(K100:M100) -> 1222.0936 | P100: =I100/100 -> 0.00095
...
